id,first_name,last_name,email,gender,ip_address
1,Jimmy,Peterson,jpeterson0@addthis.com,Male,108.208.0.70
2,Martha,King,mking1@fotki.com,Female,170.166.149.238
3,Joseph,Marshall,jmarshall2@simplemachines.org,Male,172.95.132.53
4,David,Sims,dsims3@apple.com,Male,199.203.203.110
5,Beverly,Reid,breid4@scientificamerican.com,Female,141.176.142.167
6,Nicole,Griffin,ngriffin5@washington.edu,Female,192.141.134.80
7,Marie,Duncan,mduncan6@example.com,Female,125.180.104.221
8,Russell,Elliott,relliott7@apple.com,Male,89.214.219.181
9,Emily,Brown,ebrown8@com.com,Female,246.18.145.21
10,Joseph,Mccoy,jmccoy9@nymag.com,Male,102.2.159.152
11,Ashley,Allen,aallena@webs.com,Female,0.49.167.213
12,Jean,Crawford,jcrawfordb@dmoz.org,Female,131.45.36.42
13,Carl,Price,cpricec@mayoclinic.com,Male,20.86.225.139
14,Sean,Bowman,sbowmand@godaddy.com,Male,12.48.158.246
15,Laura,Day,ldaye@edublogs.org,Female,140.160.164.233
16,Kimberly,Cunningham,kcunninghamf@over-blog.com,Female,3.120.76.24
17,Donna,Reyes,dreyesg@admin.ch,Female,102.118.102.197
18,Donald,Hunter,dhunterh@cnbc.com,Male,143.153.203.4
19,Johnny,Fox,jfoxi@cbsnews.com,Male,214.48.183.51
20,Joshua,Nelson,jnelsonj@technorati.com,Male,193.9.61.75
21,Patrick,Hudson,phudsonk@spiegel.de,Male,239.236.44.12
22,Albert,Ellis,aellisl@reuters.com,Male,52.6.125.130
23,Dennis,Day,ddaym@yahoo.co.jp,Male,198.183.117.28
24,Ruth,Cruz,rcruzn@noaa.gov,Female,6.70.217.2
25,James,Ray,jrayo@storify.com,Male,215.131.203.219
26,Eric,Lawrence,elawrencep@youku.com,Male,114.35.47.22
27,Rachel,Morgan,rmorganq@unicef.org,Female,106.232.168.166
28,Louise,Coleman,lcolemanr@salon.com,Female,42.227.251.27
29,Andrew,Freeman,afreemans@miibeian.gov.cn,Male,31.209.141.207
30,Brian,Ortiz,bortizt@mozilla.org,Male,208.28.46.65
31,Diane,Palmer,dpalmeru@cbsnews.com,Female,198.45.26.207
32,Amy,Payne,apaynev@salon.com,Female,53.219.128.49
33,Jonathan,Ray,jrayw@comsenz.com,Male,223.235.70.193
34,Ryan,Stanley,rstanleyx@1und1.de,Male,130.190.201.228
35,Michael,Lawrence,mlawrencey@springer.com,Male,125.154.28.54
36,Victor,Henry,vhenryz@friendfeed.com,Male,22.11.35.169
37,Kathryn,Campbell,kcampbell10@istockphoto.com,Female,158.196.89.92
38,Aaron,Stevens,astevens11@phoca.cz,Male,97.191.136.159
39,Lori,Jordan,ljordan12@qq.com,Female,105.9.152.123
40,Benjamin,Ramirez,bramirez13@51.la,Male,67.238.164.33
41,Carolyn,Price,cprice14@parallels.com,Female,32.208.150.95
42,Peter,Lawrence,plawrence15@hp.com,Male,246.123.198.173
43,Phillip,Johnston,pjohnston16@theglobeandmail.com,Male,71.123.92.178
44,Angela,Mason,amason17@google.com.br,Female,34.25.188.231
45,Victor,Gutierrez,vgutierrez18@who.int,Male,131.249.141.65
46,Jean,Wood,jwood19@java.com,Female,143.28.124.209
47,Amanda,Baker,abaker1a@smh.com.au,Female,107.12.166.146
48,Karen,Tucker,ktucker1b@aboutads.info,Female,240.221.19.211
49,Rebecca,Larson,rlarson1c@oracle.com,Female,89.26.190.207
50,Emily,Roberts,eroberts1d@wordpress.com,Female,204.159.156.251
51,Lawrence,Walker,lwalker1e@wiley.com,Male,231.29.75.27
52,Bonnie,Patterson,bpatterson1f@google.es,Female,205.235.85.192
53,Janice,Jackson,jjackson1g@pbs.org,Female,141.72.185.89
54,Charles,Campbell,ccampbell1h@biblegateway.com,Male,229.227.134.253
55,Fred,Rivera,frivera1i@sina.com.cn,Male,250.92.27.10
56,Virginia,Welch,vwelch1j@lulu.com,Female,65.161.199.86
57,Alice,Little,alittle1k@cmu.edu,Female,16.143.210.177
58,Joshua,Freeman,jfreeman1l@issuu.com,Male,58.135.62.207
59,David,Gibson,dgibson1m@irs.gov,Male,230.108.88.94
60,Carol,Greene,cgreene1n@vinaora.com,Female,71.16.213.153
61,Steve,Long,slong1o@skype.com,Male,234.59.183.202
62,Jennifer,Hansen,jhansen1p@webs.com,Female,213.45.150.23
63,Andrew,Fowler,afowler1q@rediff.com,Male,198.164.223.34
64,Russell,Lawrence,rlawrence1r@networkadvertising.org,Male,172.216.247.96
65,Norma,Murray,nmurray1s@sfgate.com,Female,94.80.70.111
66,Walter,James,wjames1t@flavors.me,Male,234.122.63.118
67,Barbara,Hansen,bhansen1u@yahoo.com,Female,83.196.81.31
68,Michelle,West,mwest1v@craigslist.org,Female,97.180.151.156
69,Mark,Olson,molson1w@sciencedirect.com,Male,73.100.132.175
70,Virginia,Lawrence,vlawrence1x@cyberchimps.com,Female,110.168.174.51
71,Eugene,Burton,eburton1y@cbslocal.com,Male,53.135.143.191
72,Jeffrey,Peters,jpeters1z@ihg.com,Male,185.215.213.210
73,Bonnie,Fields,bfields20@yolasite.com,Female,197.4.235.89
74,Timothy,Greene,tgreene21@boston.com,Male,60.47.4.129
75,Daniel,Gonzalez,dgonzalez22@sphinn.com,Male,15.8.99.197
76,James,Andrews,jandrews23@goo.ne.jp,Male,244.91.153.178
77,Nicholas,Ryan,nryan24@addtoany.com,Male,30.175.200.3
78,Gregory,Hill,ghill25@dot.gov,Male,180.151.239.248
79,Larry,Clark,lclark26@nbcnews.com,Male,206.235.120.3
80,Aaron,Cook,acook27@chicagotribune.com,Male,197.184.28.139
81,Anna,Gordon,agordon28@google.com,Female,39.215.56.11
82,Jose,James,jjames29@goodreads.com,Male,183.85.152.14
83,Larry,Young,lyoung2a@washingtonpost.com,Male,218.203.95.64
84,Terry,Cruz,tcruz2b@washingtonpost.com,Male,93.136.69.152
85,Chris,Hayes,chayes2c@alexa.com,Male,86.140.186.154
86,Brandon,Torres,btorres2d@dedecms.com,Male,58.104.63.230
87,Nicholas,Warren,nwarren2e@goodreads.com,Male,220.199.166.237
88,Jimmy,Ellis,jellis2f@sourceforge.net,Male,65.33.53.169
89,Peter,Jacobs,pjacobs2g@t-online.de,Male,184.188.212.111
90,Eric,Pierce,epierce2h@pagesperso-orange.fr,Male,202.124.52.114
91,Karen,Payne,kpayne2i@devhub.com,Female,96.187.108.48
92,Wanda,Spencer,wspencer2j@statcounter.com,Female,161.126.132.220
93,Robin,Gutierrez,rgutierrez2k@usnews.com,Female,99.113.153.227
94,Pamela,Wood,pwood2l@paypal.com,Female,10.210.192.146
95,Nicholas,Clark,nclark2m@infoseek.co.jp,Male,73.86.248.110
96,Irene,Weaver,iweaver2n@blogspot.com,Female,130.210.238.182
97,Jeffrey,Ryan,jryan2o@si.edu,Male,237.58.203.150
98,Jeffrey,Jenkins,jjenkins2p@google.es,Male,157.198.164.9
99,Irene,Anderson,ianderson2q@nytimes.com,Female,233.19.136.60
100,Jane,Wallace,jwallace2r@a8.net,Female,246.59.106.30
101,Michael,Fisher,mfisher2s@amazon.co.jp,Male,102.151.198.148
102,Jose,Burke,jburke2t@rambler.ru,Male,40.33.0.252
103,Philip,Payne,ppayne2u@examiner.com,Male,109.223.12.194
104,Charles,Nguyen,cnguyen2v@comcast.net,Male,122.72.45.200
105,Martha,Lee,mlee2w@columbia.edu,Female,123.72.109.160
106,Sharon,Stephens,sstephens2x@lycos.com,Female,249.70.162.103
107,Jesse,Gray,jgray2y@sitemeter.com,Male,42.243.181.216
108,Patrick,Greene,pgreene2z@imdb.com,Male,107.255.129.142
109,Phyllis,Lewis,plewis30@macromedia.com,Female,149.98.116.129
110,Shirley,Parker,sparker31@earthlink.net,Female,60.156.138.255
111,Victor,Baker,vbaker32@squidoo.com,Male,63.13.248.55
112,Lillian,Garcia,lgarcia33@storify.com,Female,225.30.170.52
113,Shirley,Hunter,shunter34@cbslocal.com,Female,5.144.16.58
114,Margaret,Murray,mmurray35@noaa.gov,Female,140.49.88.19
115,Robin,Simpson,rsimpson36@eepurl.com,Female,16.57.106.21
116,Rose,Thomas,rthomas37@blogspot.com,Female,205.100.189.33
117,Diane,Rodriguez,drodriguez38@chron.com,Female,28.158.241.96
118,Eugene,Barnes,ebarnes39@typepad.com,Male,11.193.5.205
119,Ralph,Gardner,rgardner3a@nyu.edu,Male,222.27.160.88
120,Frances,Smith,fsmith3b@123-reg.co.uk,Female,139.132.45.177
121,Robin,Garcia,rgarcia3c@msn.com,Female,196.175.157.37
122,Bobby,Kelley,bkelley3d@virginia.edu,Male,110.161.147.147
123,Dorothy,Cox,dcox3e@state.tx.us,Female,41.85.206.1
124,Mark,Bishop,mbishop3f@intel.com,Male,235.152.59.155
125,Alan,Fox,afox3g@multiply.com,Male,117.173.228.247
126,Joan,Johnston,jjohnston3h@ifeng.com,Female,39.68.150.164
127,Dennis,Chapman,dchapman3i@squidoo.com,Male,230.193.200.36
128,Judith,Fowler,jfowler3j@woothemes.com,Female,214.9.36.192
129,Diane,Perkins,dperkins3k@howstuffworks.com,Female,200.149.189.24
130,Marie,Brown,mbrown3l@umich.edu,Female,219.78.52.10
131,Roy,Evans,revans3m@msn.com,Male,67.114.134.33
132,Deborah,Welch,dwelch3n@youtu.be,Female,123.64.100.39
133,Phillip,Cook,pcook3o@forbes.com,Male,126.236.22.196
134,Joan,Gordon,jgordon3p@fotki.com,Female,102.142.130.3
135,Wayne,Wallace,wwallace3q@cbslocal.com,Male,136.68.6.243
136,Michelle,Carpenter,mcarpenter3r@tiny.cc,Female,105.90.115.31
137,Jacqueline,Daniels,jdaniels3s@elpais.com,Female,201.205.216.41
138,Juan,Mitchell,jmitchell3t@sciencedirect.com,Male,246.138.18.221
139,Norma,Stevens,nstevens3u@deliciousdays.com,Female,100.210.89.38
140,Richard,Hunter,rhunter3v@angelfire.com,Male,169.11.147.74
141,Robin,Frazier,rfrazier3w@zdnet.com,Female,180.104.156.79
142,Donna,Moreno,dmoreno3x@chron.com,Female,46.71.109.35
143,David,Jackson,djackson3y@fema.gov,Male,60.132.8.9
144,Betty,Gutierrez,bgutierrez3z@i2i.jp,Female,99.168.53.6
145,Alan,Harper,aharper40@apache.org,Male,64.124.131.87
146,Robert,Bailey,rbailey41@gravatar.com,Male,251.67.61.61
147,Wayne,Price,wprice42@livejournal.com,Male,230.207.199.175
148,Jerry,Hunter,jhunter43@google.pl,Male,230.231.14.108
149,Steve,Spencer,sspencer44@senate.gov,Male,117.195.150.114
150,Andrew,Campbell,acampbell45@economist.com,Male,193.84.92.234
151,Theresa,Cole,tcole46@a8.net,Female,41.245.141.7
152,Janice,Cole,jcole47@abc.net.au,Female,32.185.171.42
153,Carolyn,Garza,cgarza48@merriam-webster.com,Female,132.53.171.167
154,Randy,Nelson,rnelson49@devhub.com,Male,48.129.75.180
155,Ruby,Hudson,rhudson4a@sakura.ne.jp,Female,41.143.55.47
156,Karen,Diaz,kdiaz4b@flavors.me,Female,142.78.228.23
157,Louis,Anderson,landerson4c@globo.com,Male,113.6.10.28
158,Steve,Crawford,scrawford4d@ucoz.ru,Male,8.7.40.16
159,Judith,Boyd,jboyd4e@nationalgeographic.com,Female,71.68.142.68
160,Brenda,Johnston,bjohnston4f@people.com.cn,Female,174.77.236.179
161,Michelle,Garrett,mgarrett4g@theguardian.com,Female,92.78.84.180
162,Rachel,Black,rblack4h@amazon.de,Female,121.140.76.253
163,William,Moore,wmoore4i@addthis.com,Male,171.54.249.63
164,Virginia,Richards,vrichards4j@shinystat.com,Female,44.202.120.58
165,Ashley,Sullivan,asullivan4k@godaddy.com,Female,183.149.29.72
166,Kathryn,Crawford,kcrawford4l@edublogs.org,Female,108.88.189.233
167,Jeffrey,Barnes,jbarnes4m@wikipedia.org,Male,91.178.161.99
168,Gary,Chapman,gchapman4n@hugedomains.com,Male,221.112.13.29
169,Evelyn,Harper,eharper4o@slate.com,Female,86.230.72.32
170,Willie,Hernandez,whernandez4p@weather.com,Male,219.201.135.88
171,Patrick,Sullivan,psullivan4q@networksolutions.com,Male,101.193.11.63
172,Lisa,Sullivan,lsullivan4r@epa.gov,Female,183.4.74.124
173,Stephen,Shaw,sshaw4s@nydailynews.com,Male,40.26.233.60
174,Chris,Larson,clarson4t@squarespace.com,Male,6.35.44.202
175,Shawn,Garcia,sgarcia4u@godaddy.com,Male,230.187.167.46
176,Amy,Mitchell,amitchell4v@weather.com,Female,138.134.117.106
177,Louis,Cruz,lcruz4w@weather.com,Male,210.65.50.19
178,Melissa,Griffin,mgriffin4x@paginegialle.it,Female,108.21.24.29
179,Billy,Dixon,bdixon4y@friendfeed.com,Male,99.2.108.246
180,Stephanie,Lewis,slewis4z@bravesites.com,Female,208.155.167.62
181,Tina,Burton,tburton50@i2i.jp,Female,81.195.3.73
182,Gary,Garrett,ggarrett51@spiegel.de,Male,18.252.189.146
183,Ronald,Parker,rparker52@g.co,Male,39.12.96.121
184,Mark,Harrison,mharrison53@oracle.com,Male,254.32.158.98
185,Douglas,Chapman,dchapman54@google.fr,Male,177.108.93.129
186,Mildred,Ford,mford55@oakley.com,Female,234.48.66.238
187,Angela,Barnes,abarnes56@pinterest.com,Female,128.189.247.64
188,Frances,Ellis,fellis57@topsy.com,Female,246.164.124.24
189,Nicholas,Morris,nmorris58@yale.edu,Male,223.229.193.186
190,Kenneth,Meyer,kmeyer59@mediafire.com,Male,71.92.7.228
191,Brenda,Weaver,bweaver5a@diigo.com,Female,33.241.113.105
192,Sharon,Frazier,sfrazier5b@dailymail.co.uk,Female,109.158.55.26
193,Carol,Wallace,cwallace5c@flickr.com,Female,77.122.250.31
194,Judith,Carroll,jcarroll5d@wp.com,Female,163.2.126.20
195,Cheryl,Collins,ccollins5e@craigslist.org,Female,59.94.113.237
196,Wanda,Gutierrez,wgutierrez5f@acquirethisname.com,Female,73.31.237.33
197,Kevin,White,kwhite5g@addtoany.com,Male,50.177.26.242
198,George,Jacobs,gjacobs5h@washingtonpost.com,Male,17.229.134.38
199,Laura,Hart,lhart5i@seattletimes.com,Female,119.68.200.161
200,Martha,Sullivan,msullivan5j@ftc.gov,Female,216.197.42.44
201,Paula,Hunter,phunter5k@google.de,Female,27.202.92.120
202,Thomas,Cooper,tcooper5l@oracle.com,Male,13.70.185.104
203,Laura,Porter,lporter5m@spotify.com,Female,158.168.213.223
204,Arthur,Scott,ascott5n@hao123.com,Male,16.200.72.49
205,Robin,Mills,rmills5o@usda.gov,Female,191.54.41.249
206,Antonio,Ferguson,aferguson5p@com.com,Male,103.231.9.179
207,Christina,Vasquez,cvasquez5q@forbes.com,Female,141.224.104.157
208,Virginia,Warren,vwarren5r@uiuc.edu,Female,24.235.49.51
209,Judith,Cook,jcook5s@devhub.com,Female,226.3.145.200
210,Earl,Moreno,emoreno5t@cisco.com,Male,12.193.198.144
211,Matthew,Martinez,mmartinez5u@histats.com,Male,212.91.44.87
212,Scott,Daniels,sdaniels5v@nyu.edu,Male,202.76.247.170
213,Alan,Freeman,afreeman5w@sourceforge.net,Male,165.34.104.229
214,Marie,Burke,mburke5x@epa.gov,Female,62.101.70.240
215,Anna,Stanley,astanley5y@abc.net.au,Female,191.43.240.241
216,Emily,Snyder,esnyder5z@dedecms.com,Female,150.168.73.199
217,Albert,Ruiz,aruiz60@gov.uk,Male,255.79.255.41
218,Antonio,Bell,abell61@zimbio.com,Male,43.148.44.31
219,Susan,Berry,sberry62@nbcnews.com,Female,231.91.125.206
220,Jerry,Fox,jfox63@yellowpages.com,Male,226.190.166.72
221,Raymond,Henry,rhenry64@360.cn,Male,79.114.160.180
222,Linda,Mendoza,lmendoza65@europa.eu,Female,201.70.5.252
223,Bonnie,Harper,bharper66@gmpg.org,Female,190.249.245.202
224,Tammy,Jordan,tjordan67@flavors.me,Female,98.133.213.106
225,Beverly,Ryan,bryan68@tripadvisor.com,Female,115.19.28.183
226,Keith,Williamson,kwilliamson69@cnbc.com,Male,123.173.79.27
227,Kelly,Griffin,kgriffin6a@joomla.org,Female,52.138.102.71
228,Tina,Morris,tmorris6b@dailymotion.com,Female,37.251.209.240
229,Phyllis,Reid,preid6c@cnbc.com,Female,105.136.97.195
230,Anne,Tucker,atucker6d@cornell.edu,Female,231.32.153.166
231,Patrick,Day,pday6e@studiopress.com,Male,207.64.205.23
232,Judith,Lane,jlane6f@foxnews.com,Female,214.222.181.189
233,Brenda,Rogers,brogers6g@g.co,Female,124.244.46.78
234,Ruby,Banks,rbanks6h@symantec.com,Female,245.53.89.171
235,Edward,Lawson,elawson6i@xinhuanet.com,Male,138.8.215.1
236,Samuel,Lane,slane6j@loc.gov,Male,142.110.125.46
237,Deborah,Burke,dburke6k@blogger.com,Female,19.14.193.252
238,Gloria,Moore,gmoore6l@soup.io,Female,196.238.252.153
239,Chris,Graham,cgraham6m@fc2.com,Male,159.81.199.142
240,Christina,Butler,cbutler6n@nymag.com,Female,209.144.178.49
241,Joan,Hunter,jhunter6o@ebay.com,Female,48.41.221.143
242,Justin,Stephens,jstephens6p@unc.edu,Male,67.237.174.245
243,Stephen,Wallace,swallace6q@odnoklassniki.ru,Male,209.78.6.97
244,Jean,Owens,jowens6r@businessweek.com,Female,210.129.250.85
245,Ralph,Little,rlittle6s@hibu.com,Male,14.94.105.124
246,Theresa,Mills,tmills6t@businessweek.com,Female,205.71.0.14
247,Jennifer,Miller,jmiller6u@blog.com,Female,105.96.41.43
248,Edward,Cox,ecox6v@amazonaws.com,Male,53.219.233.129
249,Randy,Gonzalez,rgonzalez6w@apache.org,Male,44.96.73.18
250,Phillip,Martinez,pmartinez6x@ftc.gov,Male,90.219.194.148
251,Nicole,Alvarez,nalvarez6y@mapy.cz,Female,153.188.184.136
252,Philip,Medina,pmedina6z@ted.com,Male,152.245.137.6
253,Robin,Hansen,rhansen70@dedecms.com,Female,252.110.135.61
254,Cheryl,Moreno,cmoreno71@huffingtonpost.com,Female,120.119.33.198
255,Gary,Morris,gmorris72@amazon.co.uk,Male,109.194.0.114
256,Peter,Campbell,pcampbell73@archive.org,Male,243.229.222.188
257,Elizabeth,Cruz,ecruz74@indiatimes.com,Female,25.222.106.222
258,Justin,Howell,jhowell75@miibeian.gov.cn,Male,23.164.252.237
259,Julia,Harris,jharris76@reddit.com,Female,239.34.111.40
260,Maria,Morales,mmorales77@ftc.gov,Female,148.221.28.84
261,Doris,Watson,dwatson78@yelp.com,Female,135.6.90.180
262,Cheryl,Bowman,cbowman79@bravesites.com,Female,27.211.130.2
263,Alice,Brown,abrown7a@globo.com,Female,174.2.138.150
264,Theresa,Shaw,tshaw7b@foxnews.com,Female,126.26.34.60
265,Judy,Hughes,jhughes7c@paypal.com,Female,103.99.81.24
266,Kathy,Graham,kgraham7d@trellian.com,Female,188.142.201.210
267,Lawrence,Rose,lrose7e@naver.com,Male,93.159.220.98
268,Benjamin,Young,byoung7f@about.me,Male,136.214.232.175
269,Martha,Matthews,mmatthews7g@amazonaws.com,Female,246.36.60.58
270,Norma,Wheeler,nwheeler7h@purevolume.com,Female,3.79.118.110
271,Jesse,Welch,jwelch7i@pinterest.com,Male,118.143.223.15
272,Sharon,Walker,swalker7j@multiply.com,Female,118.99.250.189
273,Brian,Gonzalez,bgonzalez7k@nyu.edu,Male,110.205.77.189
274,Lisa,Sanders,lsanders7l@rakuten.co.jp,Female,157.43.155.152
275,Larry,Hughes,lhughes7m@disqus.com,Male,223.116.138.139
276,Theresa,Porter,tporter7n@usa.gov,Female,3.95.186.28
277,Jack,Mcdonald,jmcdonald7o@dot.gov,Male,56.50.75.191
278,Donna,Gomez,dgomez7p@statcounter.com,Female,74.201.222.31
279,Joshua,Carpenter,jcarpenter7q@google.co.jp,Male,24.129.179.106
280,Roy,Austin,raustin7r@mapquest.com,Male,35.155.5.220
281,Jesse,Price,jprice7s@devhub.com,Male,129.206.91.113
282,Lois,Day,lday7t@biblegateway.com,Female,138.212.147.86
283,Diana,Fowler,dfowler7u@mashable.com,Female,64.110.225.57
284,Christopher,King,cking7v@1und1.de,Male,51.144.5.216
285,Julie,Davis,jdavis7w@state.gov,Female,214.89.15.52
286,Robert,Nelson,rnelson7x@uol.com.br,Male,73.169.22.45
287,Linda,Stephens,lstephens7y@bravesites.com,Female,101.62.169.36
288,Sara,Franklin,sfranklin7z@macromedia.com,Female,91.229.197.2
289,Gloria,Hunt,ghunt80@ning.com,Female,51.183.70.18
290,William,Bishop,wbishop81@salon.com,Male,229.255.46.187
291,Susan,Brooks,sbrooks82@boston.com,Female,38.15.216.29
292,Patrick,Evans,pevans83@parallels.com,Male,90.64.140.228
293,Cynthia,Berry,cberry84@trellian.com,Female,211.134.213.100
294,Adam,Taylor,ataylor85@usa.gov,Male,18.183.136.138
295,Karen,Gordon,kgordon86@wp.com,Female,250.119.115.245
296,Phyllis,Mason,pmason87@cloudflare.com,Female,210.26.220.91
297,Arthur,Henry,ahenry88@e-recht24.de,Male,156.95.37.172
298,Stephen,Cole,scole89@youtube.com,Male,241.250.213.180
299,Catherine,Henry,chenry8a@statcounter.com,Female,116.102.77.73
300,James,Burke,jburke8b@lycos.com,Male,194.200.181.151
301,Kathleen,Bishop,kbishop8c@behance.net,Female,132.27.33.24
302,Sharon,Patterson,spatterson8d@goo.gl,Female,162.96.250.7
303,Emily,Lynch,elynch8e@ow.ly,Female,66.189.130.238
304,Stephen,Long,slong8f@irs.gov,Male,130.65.3.213
305,Douglas,Medina,dmedina8g@odnoklassniki.ru,Male,186.8.186.183
306,Kevin,Hall,khall8h@cmu.edu,Male,88.71.63.67
307,Juan,Gonzales,jgonzales8i@diigo.com,Male,54.115.107.208
308,Jerry,Simmons,jsimmons8j@fema.gov,Male,254.174.90.53
309,Benjamin,Taylor,btaylor8k@blogger.com,Male,8.247.151.209
310,Christina,Garza,cgarza8l@pcworld.com,Female,117.116.165.34
311,Joe,Price,jprice8m@paypal.com,Male,134.149.123.55
312,Nicholas,Collins,ncollins8n@1und1.de,Male,125.91.57.239
313,Diane,West,dwest8o@360.cn,Female,153.179.73.168
314,Brenda,Reyes,breyes8p@narod.ru,Female,229.149.33.231
315,Jeremy,Jenkins,jjenkins8q@goo.gl,Male,35.143.227.128
316,Laura,Black,lblack8r@statcounter.com,Female,171.82.71.94
317,Virginia,Lopez,vlopez8s@cyberchimps.com,Female,236.45.86.214
318,Harold,Hunt,hhunt8t@google.ca,Male,60.39.125.222
319,Lawrence,Murray,lmurray8u@opera.com,Male,138.125.137.0
320,Kelly,Wright,kwright8v@ovh.net,Female,131.97.176.149
321,Amanda,Owens,aowens8w@nydailynews.com,Female,222.51.79.231
322,Terry,Morris,tmorris8x@stanford.edu,Male,59.25.252.83
323,Kevin,Little,klittle8y@zdnet.com,Male,59.237.117.26
324,Lois,Smith,lsmith8z@altervista.org,Female,139.227.96.188
325,Matthew,Wallace,mwallace90@toplist.cz,Male,236.235.90.13
326,Kenneth,Franklin,kfranklin91@youtu.be,Male,167.64.205.186
327,Theresa,Stewart,tstewart92@twitpic.com,Female,67.6.29.59
328,Barbara,Gray,bgray93@github.io,Female,135.184.78.131
329,Kelly,Foster,kfoster94@ning.com,Female,50.235.160.13
330,David,Henderson,dhenderson95@vimeo.com,Male,137.169.223.188
331,Rose,Baker,rbaker96@ibm.com,Female,48.134.42.166
332,Diane,Cox,dcox97@weibo.com,Female,214.198.217.38
333,Ann,Gray,agray98@live.com,Female,110.180.140.149
334,Laura,Gutierrez,lgutierrez99@hc360.com,Female,162.83.237.199
335,Carolyn,Meyer,cmeyer9a@xinhuanet.com,Female,192.125.30.188
336,Melissa,Bishop,mbishop9b@ibm.com,Female,136.165.169.14
337,Scott,Arnold,sarnold9c@freewebs.com,Male,0.188.24.246
338,Keith,Hill,khill9d@vk.com,Male,101.213.156.44
339,Judy,Mendoza,jmendoza9e@fda.gov,Female,141.21.106.125
340,Brandon,Knight,bknight9f@state.tx.us,Male,15.41.166.6
341,Douglas,Rivera,drivera9g@wired.com,Male,24.48.184.84
342,Roy,Sullivan,rsullivan9h@java.com,Male,49.251.46.235
343,Harry,Evans,hevans9i@theglobeandmail.com,Male,141.90.155.36
344,Gary,Collins,gcollins9j@netscape.com,Male,59.244.151.210
345,Kathy,Ross,kross9k@google.com.br,Female,155.189.131.169
346,John,Fox,jfox9l@tripod.com,Male,90.32.62.158
347,Russell,Larson,rlarson9m@macromedia.com,Male,152.203.13.76
348,Julie,Watson,jwatson9n@ox.ac.uk,Female,163.23.154.7
349,Nicole,Wright,nwright9o@zimbio.com,Female,133.226.174.33
350,Elizabeth,Matthews,ematthews9p@ebay.com,Female,190.144.51.26
351,Jeremy,Adams,jadams9q@bizjournals.com,Male,187.201.91.56
352,Eric,Webb,ewebb9r@salon.com,Male,150.62.127.128
353,William,Banks,wbanks9s@skype.com,Male,117.189.34.174
354,Gary,Jenkins,gjenkins9t@artisteer.com,Male,143.228.154.100
355,Steve,Hunter,shunter9u@google.fr,Male,162.211.134.102
356,Craig,Allen,callen9v@geocities.com,Male,208.139.101.15
357,Nancy,Fisher,nfisher9w@stumbleupon.com,Female,202.238.144.102
358,Jimmy,Diaz,jdiaz9x@indiegogo.com,Male,46.232.202.253
359,Wanda,Black,wblack9y@disqus.com,Female,216.188.212.193
360,Jerry,Ward,jward9z@networkadvertising.org,Male,98.239.69.31
361,Margaret,Spencer,mspencera0@facebook.com,Female,250.224.111.234
362,Carl,Reid,creida1@cnet.com,Male,86.194.218.226
363,Marilyn,Hicks,mhicksa2@tripadvisor.com,Female,134.13.173.176
364,Martin,Simmons,msimmonsa3@admin.ch,Male,121.1.231.93
365,Kathleen,Turner,kturnera4@shop-pro.jp,Female,193.170.200.105
366,Laura,Jacobs,ljacobsa5@opensource.org,Female,224.76.66.239
367,Ruby,Day,rdaya6@state.tx.us,Female,202.69.135.145
368,Russell,Edwards,redwardsa7@walmart.com,Male,69.60.250.140
369,Douglas,Sims,dsimsa8@mediafire.com,Male,152.158.239.204
370,Samuel,Cooper,scoopera9@furl.net,Male,147.178.137.53
371,Randy,Bishop,rbishopaa@theatlantic.com,Male,157.239.47.233
372,Kevin,Washington,kwashingtonab@who.int,Male,50.246.85.9
373,Stephen,Bradley,sbradleyac@pen.io,Male,141.84.103.4
374,Joyce,Martin,jmartinad@auda.org.au,Female,141.248.34.156
375,Gary,Peters,gpetersae@yolasite.com,Male,200.122.164.38
376,Lori,Sims,lsimsaf@zimbio.com,Female,85.110.42.205
377,Alice,Sanchez,asanchezag@whitehouse.gov,Female,48.193.19.73
378,Joshua,Ramos,jramosah@tripod.com,Male,9.93.41.106
379,Nicholas,Alvarez,nalvarezai@ebay.com,Male,90.122.39.15
380,Michael,Crawford,mcrawfordaj@ucla.edu,Male,135.145.197.1
381,Thomas,Washington,twashingtonak@devhub.com,Male,105.170.201.115
382,Jeffrey,Cole,jcoleal@ameblo.jp,Male,239.141.84.52
383,Peter,Green,pgreenam@eventbrite.com,Male,202.183.9.235
384,Margaret,Henderson,mhendersonan@bbc.co.uk,Female,184.206.55.94
385,Harold,Arnold,harnoldao@phpbb.com,Male,137.110.45.123
386,Joyce,Morales,jmoralesap@wordpress.com,Female,112.152.93.146
387,Paul,Shaw,pshawaq@vinaora.com,Male,235.238.120.138
388,Mark,Cook,mcookar@unc.edu,Male,229.12.59.223
389,Carolyn,Morales,cmoralesas@microsoft.com,Female,112.19.149.51
390,Bonnie,Williamson,bwilliamsonat@drupal.org,Female,92.63.221.141
391,Elizabeth,Phillips,ephillipsau@mashable.com,Female,187.180.165.241
392,Jeffrey,Bailey,jbaileyav@sitemeter.com,Male,188.142.235.194
393,Catherine,Welch,cwelchaw@japanpost.jp,Female,54.244.152.90
394,Gregory,Ramos,gramosax@issuu.com,Male,212.67.148.186
395,Brenda,Lynch,blynchay@apache.org,Female,157.57.9.6
396,Nancy,Garcia,ngarciaaz@hibu.com,Female,134.248.95.165
397,Gerald,Harrison,gharrisonb0@digg.com,Male,91.115.29.203
398,Nicole,Gray,ngrayb1@admin.ch,Female,54.134.225.135
399,Christine,Robertson,crobertsonb2@youku.com,Female,211.42.38.202
400,Debra,Knight,dknightb3@economist.com,Female,87.166.192.64
401,Amanda,Olson,aolsonb4@google.com.hk,Female,183.33.80.239
402,Andrea,Crawford,acrawfordb5@weibo.com,Female,4.236.118.121
403,Alice,Stone,astoneb6@oracle.com,Female,74.104.63.90
404,Matthew,Lewis,mlewisb7@php.net,Male,255.119.138.218
405,Alan,Dunn,adunnb8@hao123.com,Male,39.203.245.237
406,Dennis,Carr,dcarrb9@hc360.com,Male,11.86.5.162
407,Kenneth,Romero,kromeroba@wsj.com,Male,9.233.120.44
408,Frank,Webb,fwebbbb@arizona.edu,Male,201.91.117.143
409,Martin,Gomez,mgomezbc@google.pl,Male,194.159.69.192
410,Roy,Peterson,rpetersonbd@utexas.edu,Male,147.157.49.144
411,Jack,Carter,jcarterbe@comcast.net,Male,143.155.94.106
412,Kimberly,Garza,kgarzabf@zdnet.com,Female,225.230.205.116
413,Thomas,Weaver,tweaverbg@engadget.com,Male,237.71.226.239
414,Frances,Ramos,framosbh@deviantart.com,Female,63.198.191.36
415,Dorothy,Fisher,dfisherbi@rambler.ru,Female,58.132.85.73
416,Elizabeth,Gordon,egordonbj@bandcamp.com,Female,212.252.219.157
417,Martha,Price,mpricebk@myspace.com,Female,92.52.194.131
418,Lori,Bradley,lbradleybl@state.gov,Female,193.194.162.212
419,Cynthia,Welch,cwelchbm@canalblog.com,Female,188.158.183.16
420,Anna,Larson,alarsonbn@prweb.com,Female,184.60.235.240
421,Lawrence,Richards,lrichardsbo@dmoz.org,Male,48.22.178.209
422,Brenda,Freeman,bfreemanbp@dailymail.co.uk,Female,75.88.117.150
423,Mary,Ray,mraybq@jalbum.net,Female,147.26.247.206
424,Jennifer,Powell,jpowellbr@dropbox.com,Female,186.16.87.134
425,Lillian,Andrews,landrewsbs@cdbaby.com,Female,87.14.155.239
426,Tammy,Ortiz,tortizbt@devhub.com,Female,244.45.12.64
427,George,Turner,gturnerbu@abc.net.au,Male,117.170.57.253
428,Aaron,Peterson,apetersonbv@csmonitor.com,Male,62.187.36.181
429,Jane,Fowler,jfowlerbw@clickbank.net,Female,54.0.237.55
430,Sean,Lewis,slewisbx@soundcloud.com,Male,119.140.125.237
431,Martha,Burke,mburkeby@simplemachines.org,Female,172.133.136.139
432,Jose,Franklin,jfranklinbz@last.fm,Male,17.213.119.101
433,Amy,Allen,aallenc0@census.gov,Female,32.28.27.242
434,Jane,Lynch,jlynchc1@yahoo.co.jp,Female,96.182.102.250
435,Willie,Chavez,wchavezc2@pagesperso-orange.fr,Male,78.24.95.99
436,Helen,Riley,hrileyc3@gravatar.com,Female,165.115.229.185
437,Carol,Myers,cmyersc4@blogspot.com,Female,76.0.79.64
438,Anthony,Murphy,amurphyc5@guardian.co.uk,Male,225.182.216.177
439,Philip,Gray,pgrayc6@walmart.com,Male,229.42.2.36
440,Alan,Hudson,ahudsonc7@dion.ne.jp,Male,125.225.78.131
441,Henry,Gonzales,hgonzalesc8@kickstarter.com,Male,61.24.140.43
442,Louis,Morrison,lmorrisonc9@mapquest.com,Male,68.25.22.181
443,Linda,Scott,lscottca@163.com,Female,245.224.135.249
444,Diane,James,djamescb@home.pl,Female,174.106.178.234
445,Carolyn,Davis,cdaviscc@booking.com,Female,184.84.201.13
446,Maria,Cunningham,mcunninghamcd@fema.gov,Female,51.242.14.193
447,Russell,Parker,rparkerce@is.gd,Male,33.211.107.209
448,Craig,Kelly,ckellycf@gnu.org,Male,235.228.137.182
449,Tammy,Evans,tevanscg@wix.com,Female,153.102.86.222
450,Aaron,Jacobs,ajacobsch@360.cn,Male,223.115.171.145
451,Brandon,Stevens,bstevensci@youtu.be,Male,30.139.165.183
452,Paul,Hall,phallcj@telegraph.co.uk,Male,164.15.73.161
453,Jane,Marshall,jmarshallck@goo.gl,Female,181.9.11.1
454,Bonnie,Chapman,bchapmancl@bravesites.com,Female,227.73.68.154
455,Marilyn,Willis,mwilliscm@webs.com,Female,106.233.44.147
456,Bruce,Gonzales,bgonzalescn@mozilla.com,Male,228.98.235.208
457,Howard,Jones,hjonesco@yolasite.com,Male,39.200.247.132
458,Joyce,Berry,jberrycp@bravesites.com,Female,121.4.62.145
459,Jerry,Robertson,jrobertsoncq@aol.com,Male,203.245.27.84
460,Rachel,Tucker,rtuckercr@virginia.edu,Female,71.149.205.67
461,Sara,Crawford,scrawfordcs@dion.ne.jp,Female,232.115.52.210
462,Douglas,Duncan,dduncanct@hao123.com,Male,201.135.206.141
463,Fred,Stanley,fstanleycu@springer.com,Male,76.41.143.55
464,Robin,Allen,rallencv@youtu.be,Female,192.8.65.22
465,Judith,Henderson,jhendersoncw@europa.eu,Female,162.189.73.70
466,Laura,Harvey,lharveycx@wordpress.org,Female,66.214.112.82
467,Joshua,Phillips,jphillipscy@upenn.edu,Male,48.71.48.69
468,Lois,Davis,ldaviscz@ezinearticles.com,Female,239.33.153.18
469,Jimmy,Howell,jhowelld0@comcast.net,Male,135.218.33.117
470,Adam,Bailey,abaileyd1@prlog.org,Male,38.91.34.159
471,Alan,Romero,aromerod2@mlb.com,Male,125.43.100.106
472,Stephen,Henry,shenryd3@tamu.edu,Male,173.171.193.167
473,Marie,Carter,mcarterd4@mysql.com,Female,30.210.28.236
474,Walter,Adams,wadamsd5@google.nl,Male,149.192.76.131
475,Patrick,Ruiz,pruizd6@indiatimes.com,Male,87.159.64.31
476,Stephen,Larson,slarsond7@google.com.br,Male,69.118.192.225
477,Kathryn,Torres,ktorresd8@latimes.com,Female,246.196.121.88
478,Theresa,Rivera,triverad9@nifty.com,Female,164.176.74.234
479,Sandra,Berry,sberryda@baidu.com,Female,63.32.145.147
480,Anna,Dunn,adunndb@g.co,Female,244.243.154.194
481,Peter,Perkins,pperkinsdc@twitpic.com,Male,214.63.36.179
482,Amanda,Green,agreendd@dagondesign.com,Female,42.230.41.207
483,Rose,Morales,rmoralesde@discuz.net,Female,73.200.222.60
484,Nancy,Rice,nricedf@51.la,Female,119.208.64.244
485,Roger,Harvey,rharveydg@indiegogo.com,Male,181.145.4.20
486,Steve,King,skingdh@cnn.com,Male,84.26.245.237
487,Albert,Gordon,agordondi@trellian.com,Male,98.5.112.73
488,Emily,Gilbert,egilbertdj@answers.com,Female,72.169.125.128
489,Martin,Matthews,mmatthewsdk@newsvine.com,Male,44.18.29.91
490,Andrea,Hudson,ahudsondl@narod.ru,Female,201.199.32.155
491,John,Riley,jrileydm@tumblr.com,Male,192.144.232.220
492,Emily,Gray,egraydn@cnbc.com,Female,156.80.108.121
493,Eugene,Ross,erossdo@globo.com,Male,173.88.71.76
494,Lois,Sullivan,lsullivandp@chicagotribune.com,Female,243.5.205.210
495,Nicole,Roberts,nrobertsdq@deliciousdays.com,Female,220.200.162.235
496,Earl,Gray,egraydr@rediff.com,Male,211.172.149.113
497,Wayne,Lane,wlaneds@nhs.uk,Male,190.185.139.180
498,Jacqueline,Tucker,jtuckerdt@uiuc.edu,Female,111.133.84.192
499,Ernest,Berry,eberrydu@indiatimes.com,Male,154.164.228.157
500,Robin,Hart,rhartdv@mtv.com,Female,68.23.244.230
